sampleID,sex,sample_type,weight,coat_appearance,left_ventricle_diameter,heart_rate,cardiac_output
263528,female,mutant,21,normal,3.635937,479.4017,16.320759
264610,male,mutant,23.2,abnormal,3.534375,439.9257,15.253032
264612,female,mutant,17.9,normal,3.382292,468.75,15.851994
266570,female,mutant,19.8,normal,3.402344,507.3052,14.457183
278092,male,mutant,26.7,abnormal,3.33125,610.4178,26.850796
278416,male,mutant,28.8,abnormal,3.625781,586.0749,24.961756
279151,female,mutant,18.2,normal,2.895312,458.76236,19.915016
282079,male,mutant,23.6,abnormal,3.747656,533.9345,20.331047
282500,female,mutant,18.8,normal,2.877604,527.179,18.168436
283720,female,mutant,20,normal,3.647917,540.9759,17.477001
283723,male,mutant,23.2,normal,3.707031,451.83444,13.664529
283725,male,mutant,22.9,abnormal,2.996094,459.6433,15.996375
286028,female,mutant,21.4,normal,3.625781,500.584,25.15694
287511,female,mutant,18.2,normal,3.097656,467.1442,13.663117
287512,female,mutant,21.4,normal,3.152,498,15.429
2656,female,control,19.5,normal,3.81,409,17.6
3879,female,control,20.2,normal,3.61,450,17.6
42984,female,control,18.9,normal,2.63,502,13.45
42987,female,control,16.9,normal,2.21,502,17.11
66147,male,control,20,normal,2.92,379,14.68
68462,male,control,22.2,normal,4.49,341,15.13
68464,male,control,22.8,normal,3.12,397,17.95
71931,female,control,18.4,normal,3.62,456,16.21
71932,female,control,19.8,normal,2.55,488,23.05
81249,female,control,18.7,normal,3.08125,406.8946,15.527391
81759,male,control,27,normal,3.991406,429.08224,23.665895
81760,male,control,25.4,normal,3.280469,415.94455,17.910227
82978,male,control,25.3,normal,3.432812,372.76727,16.026365
85472,female,control,19.2,normal,2.752344,455.84045,22.618607
85522,male,control,25,normal,3.544531,390.7204,21.061138
85790,male,control,24.5,normal,3.330814,364.83405,17.340818
86986,male,control,22.9,normal,3.449419,359.91003,14.609368
86989,male,control,26.9,normal,2.925581,517.05566,14.926354
87389,male,control,23.6,normal,3.541927,385.74872,15.319588
88123,male,control,23.9,normal,2.789063,460.6526,20.272816
88124,male,control,24.9,normal,3.29375,368.38065,19.154696
88131,female,control,19.3,normal,2.727083,492.64453,17.47215
88132,female,control,20.1,normal,3.010417,469.36115,20.06831
88141,female,control,20.8,normal,2.975,505.79556,21.83719
88293,female,control,21.2,normal,2.921875,411.60498,16.246386
88294,female,control,19.9,normal,2.515,451,20.8
89604,female,control,19.8,normal,2.700521,480.80133,20.457605
90287,male,control,23.9,normal,3.028125,459.2569,25.109138
90576,male,control,23.6,normal,2.815625,434.38913,18.74688
90586,male,control,26.5,normal,3.461979,438.28946,21.59755
90592,male,control,26.5,normal,3.63,504,31.597
90594,female,control,22,normal,3.270052,372.2373,13.393316
93491,female,control,20.2,normal,2.284375,531.3653,18.392445
93532,female,control,20.2,normal,2.789063,479.04193,18.237682
96509,male,control,26.1,normal,3.270313,414.74655,18.836151
96544,male,control,27.6,normal,3.143229,495.10056,27.2
96547,female,control,21.7,normal,2.514583,550.9853,20.46247
98120,male,control,24.2,normal,3.329167,448.59814,18.066736
98681,female,control,18.4,normal,3.302604,383.18256,15.473357
98761,male,control,24.7,normal,2.842188,383.28455,12.496257
98766,female,control,20.6,normal,3.503906,431.26685,22.856594
98767,female,control,20.4,normal,2.434896,515.667,22.214499
101099,female,control,22.3,normal,2.461979,547.42444,20.111624
102921,male,control,24.9,normal,2.479167,508.0261,25.276995
106447,male,control,25.9,normal,3.00625,506.15115,20.771132
106448,male,control,25.7,normal,1.885938,484.6853,11.290753
106450,female,control,19.4,normal,3.08125,447.6916,20.729202
106469,male,control,23.2,normal,2.224219,580.52814,24.55609
106471,female,control,19.2,normal,3.417708,479.28107,17.573751
107586,female,control,19.6,normal,3.497396,416.78726,12.767487
107898,male,control,26.8,normal,2.589844,570.41,31.0
108813,male,control,25.4,normal,3.540625,384.71814,19.444805
109246,female,control,18.9,normal,2.452604,346.02908,11.329172
110846,female,control,21.3,normal,3.889844,357.0543,11.275579
115608,male,control,24.8,normal,2.721875,328.31738,11.910117
115612,female,control,21.7,normal,2.470312,438.9575,19.48713
116719,male,control,25.9,normal,4.319792,378.34998,17.901014
117195,male,control,27.4,normal,4.4,464.06705,14.244225
117198,female,control,22.4,normal,3.42225,371.56497,19.959278
117789,female,control,18.9,normal,3.097656,486.158,20.125473
117809,female,control,18.2,normal,2.647396,493.1507,20.917236
117826,male,control,25,normal,3.483333,383.23352,12.17353
117835,male,control,25.2,normal,3.540625,391.4107,20.187906
119123,male,control,22.9,normal,3.00625,494.9304,24.204449
120988,male,control,25.4,normal,3.288542,491.4676,18.726444
120989,male,control,26,normal,2.884375,452.40338,23.624514
123078,male,control,22.9,normal,2.930729,406.2632,15.427978
123112,female,control,20.8,normal,2.813281,446.09665,17.653534
123150,female,control,19.7,normal,3.321094,405.80527,18.663767
123151,female,control,21.8,normal,3.229687,408.97473,17.17378
124045,male,control,26.1,normal,2.84375,591.8619,23.025827
124059,female,control,21,normal,3.767969,383.28455,10.899715
126140,female,control,20.9,normal,2.732031,433.86563,10.374975
126183,female,control,18.9,normal,3.260156,450.35184,17.229107
126185,female,control,19.6,normal,2.945313,510.54776,17.197906
126206,male,control,24.5,normal,3.290625,465.11627,21.470837
126233,male,control,24.7,normal,2.945313,494.25092,16.7386
126414,male,control,23.8,normal,3.534375,359.1918,12.110269
126415,male,control,24.5,normal,3.178906,424.46573,19.865078
127049,male,control,23.5,normal,3.260156,381.50748,15.523408
128472,male,control,24.5,normal,3.341406,385.49057,13.54951
128481,female,control,20.8,normal,3.463281,384.25616,11.973388
128486,female,control,20.8,normal,2.813281,497.23758,22.703434
130151,male,control,26.5,normal,2.955469,486.40433,21.223738
130197,female,control,22,normal,2.904688,410.60736,19.100708
130221,male,control,25.2,normal,3.016406,453.6862,21.79971
130245,male,control,28.1,normal,3.758333,516.9628,15.624333
130267,male,control,28.7,normal,3.544531,469.13177,24.303267
130274,female,control,21,normal,3.442969,389.82132,16.48996
130275,female,control,21.2,normal,3.646094,405.80527,16.44336
130294,female,control,19.3,normal,3.046875,430.17178,18.57618
130302,male,control,25.8,normal,4.159375,388.7689,14.151553
130316,male,control,22,normal,3.442969,307.4952,11.638553
130389,male,control,24.2,normal,3.950781,434.5858,16.089893
130930,female,control,20.8,normal,3.117969,396.0941,14.819116
130987,female,control,21.8,normal,2.996094,497.40933,17.46252
131129,female,control,19.9,normal,2.833594,507.48898,20.526346
131682,female,control,21.4,normal,3.33125,369.70474,14.808309
131689,male,control,26.3,normal,3.057031,575.6546,26.462584
132126,male,control,26.3,normal,3.432812,407.47028,12.211917
132131,female,control,20.2,normal,3.199219,437.29123,16.745369
132159,female,control,18.7,normal,2.935156,512.8205,17.564856
132240,female,control,20.3,normal,2.640625,552.0414,23.22969
132775,male,control,26,normal,3.625781,409.0909,15.516675
132799,female,control,22.2,normal,2.886458,411.31107,17.312496
132807,male,control,27.7,normal,3.351563,427.42654,16.912083
132808,male,control,24.6,normal,3.778125,342.36804,13.518044
133303,male,control,24.5,normal,3.199219,393.65775,12.646209
133306,male,control,24.7,normal,3.219531,459.0373,21.48423
133311,female,control,22.3,normal,3.026562,490.71393,21.308086
133327,female,control,20.1,normal,2.744792,461.98267,17.330706
133328,female,control,20,normal,3.270313,487.72226,17.891459
133354,female,control,21.8,normal,2.660938,519.10596,18.14911
134761,male,control,24,normal,3.304167,520.60736,22.798786
134808,female,control,19.5,normal,3.503906,386.57718,10.757255
134814,male,control,24.5,normal,3.392187,378.49915,15.050521
134815,male,control,25.3,normal,3.158594,413.73367,16.545515
134829,female,control,20.1,normal,2.620312,429.46616,13.109806
135660,male,control,25.6,normal,3.81875,398.39536,14.305661
135671,male,control,25.8,normal,3.310938,413.73367,16.145699
136154,female,control,18.4,normal,2.966146,433.0827,14.28623
136156,female,control,20.6,normal,3.33125,438.42288,19.283482
136174,male,control,22.5,normal,3.615625,366.5988,14.164324
136175,male,control,22.8,normal,3.635937,365.66785,10.940519
136504,male,control,24.6,normal,3.128125,499.56635,25.720934
136506,female,control,20.8,normal,3.199219,336.99976,12.618233
136655,male,control,26,normal,2.691406,457.36066,19.007725
136658,female,control,22,normal,3.554688,438.9575,14.596735
136824,female,control,18.7,normal,3.16875,424.77875,17.31953
136838,male,control,22.1,normal,3.16875,478.16702,17.141298
136880,female,control,21.4,normal,2.752344,495.10056,19.347912
138758,male,control,24,normal,3.341406,392.7987,14.892824
140187,male,control,21.3,normal,2.935156,491.2161,15.034653
141281,female,control,19.8,normal,3.270313,403.644,13.91134
141314,male,control,22.8,normal,3.184309,405.5767,19.84837
142454,female,control,18.2,normal,2.457813,434.32364,15.264179
142485,male,control,23,normal,3.178906,369.9422,16.018835
142486,female,control,19.5,normal,2.833594,457.28802,19.344358
144003,male,control,23.9,normal,3.107813,500,24.102262
145030,female,control,18.8,normal,2.579687,471.89908,18.680422
145050,female,control,19.8,normal,3.063542,399.7779,15.150677
146416,female,control,18.8,normal,3.260156,470.35767,22.051506
146442,female,control,21.4,normal,2.523438,506.86377,16.081316
147205,male,control,23.1,normal,2.874219,463.99228,17.647057
149423,male,control,25.3,normal,3.231771,455.7683,18.643942
149450,female,control,19.9,normal,2.528906,533.13586,19.461306
149725,male,control,26.5,normal,3.575,433.34335,21.68696
149731,male,control,29.6,normal,3.077344,446.99673,20.766861
149738,female,control,22.9,normal,2.833594,461.98267,21.592167
149761,female,control,20.7,normal,2.6,434.71698,17.936134
150212,female,control,20.3,normal,3.001562,427.93463,17.179626
151120,female,control,22.5,normal,3.026562,450.35184,17.85808
151129,male,control,24,normal,2.996094,439.09134,20.399265
151133,male,control,23.6,normal,2.508594,508.2054,19.407938
151284,male,control,26.8,normal,3.090104,533.7287,21.1707
152076,male,control,21.5,normal,2.647396,511.36365,17.61391
152579,female,control,18.5,normal,3.321094,458.7448,18.62939
153725,male,control,25.2,normal,3.727344,522.97076,18.666016
153850,female,control,18.9,normal,3.107813,466.24576,17.440609
154559,male,control,25.2,normal,4.011719,492.30768,25.593838
154571,female,control,18.5,normal,2.955469,502.8811,17.80447
155944,male,control,24.3,normal,2.792969,434.32364,17.661606
155948,male,control,24.5,normal,3.107813,426.66666,18.428968
156048,male,control,23.8,normal,2.386719,516.129,21.463161
156053,female,control,17.2,normal,2.452604,487.4746,13.696072
156117,male,control,27.7,normal,3.067188,559.2233,22.05984
157439,female,control,20.2,normal,2.782812,466.85037,21.241377
157522,male,control,25.9,normal,3.077344,575.30963,21.428345
158695,female,control,18.5,normal,2.772656,534.5212,19.843664
158808,male,control,27.7,normal,3.351563,486.40433,28.590048
158863,female,control,17.6,normal,2.335938,494.76035,18.517122
159205,female,control,19.8,normal,3.25,486.98004,22.024399
159244,male,control,24.8,normal,2.975781,455.6962,21.667229
159251,male,control,25.4,normal,2.914844,549.8282,25.549797
159255,female,control,21.1,normal,2.874219,423.5917,18.727995
159265,female,control,20.8,normal,2.539063,510.6383,20.747843
160223,male,control,21.3,normal,3.320313,470.74207,15.07906
160237,female,control,20.2,normal,3.209375,526.3158,19.305317
160256,female,control,20.3,normal,2.7625,503.05676,17.546497
161432,male,control,26.7,normal,3.107813,497.66718,19.361626
163022,female,control,19.6,normal,3.036719,495.35605,20.4136
163060,male,control,25.9,normal,3.483594,482.97836,24.665085
163067,male,control,26.3,normal,2.955469,499.56635,22.858925
163883,male,control,25.3,normal,3.422656,525.45154,22.036873
164434,male,control,27.4,normal,3.178906,459.55002,23.49038
165241,female,control,19,normal,3.178906,484.19638,14.79237
165293,female,control,18.8,normal,3.067188,502.3548,21.284927
165878,male,control,28,normal,3.138281,424.9668,18.272717
165884,female,control,20.8,normal,3.371875,408.4527,16.50727
166350,male,control,25.5,normal,2.914844,452.97263,19.684515
166351,male,control,28.4,normal,2.782812,487.0624,23.484116
166354,female,control,21.7,normal,3.391146,454.33032,15.627984
167691,male,control,23.7,normal,3.148438,510.6383,20.178259
167714,female,control,21.2,normal,3.270313,499.13345,21.190575
168335,male,control,23.9,normal,3.463281,497.49524,20.41472
168798,male,control,26.3,normal,3.00625,521.3613,24.056278
168818,male,control,26.3,normal,3.534375,474.07407,19.450918
168837,female,control,21.5,normal,2.914844,468.52124,17.84029
168854,female,control,18,normal,2.864063,415.94455,15.908449
169147,female,control,23.5,normal,2.955469,458.45273,18.909616
169164,male,control,25.8,normal,3.219531,416.54614,19.663017
169168,female,control,20.9,normal,2.815625,441.17648,17.111414
170237,female,control,22.8,normal,3.239844,459.99042,19.723705
170245,male,control,28.8,normal,3.016406,489.79593,21.29934
170714,female,control,19.3,normal,3.463281,426.60345,17.630041
170735,male,control,21.6,normal,3.260156,436.29752,17.504425
171261,male,control,21.5,normal,2.935156,409.0328,15.276622
171333,female,control,19.4,normal,2.930729,492.47607,19.922546
171347,male,control,25.2,normal,3.00625,460.6526,17.271547
172956,female,control,20.9,normal,3.483594,424.77875,13.090987
172967,male,control,28,normal,2.813281,482.81644,20.894377
173428,male,control,25.8,normal,2.772656,482.33127,23.342031
174609,male,control,28.6,normal,3.554688,535.6147,25.68366
174622,male,control,27.3,normal,3.229687,442.4643,17.658278
174633,female,control,21.7,normal,3.199219,515.1136,21.262278
176422,female,control,20.7,normal,2.735937,481.84708,19.62724
178193,male,control,27.5,normal,2.935156,440.7039,16.658121
178196,female,control,20.2,normal,3.280469,510.2764,20.98174
178253,male,control,24.2,normal,3.016406,556.84454,27.470057
178261,female,control,20.5,normal,3.057031,522.68604,19.717426
178975,male,control,26.3,normal,2.772656,559.65796,22.893682
180174,female,control,16.8,normal,3.270313,453.4005,19.843882
180706,male,control,27.7,normal,2.528906,598.00665,20.693253
181566,male,control,26.5,normal,3.036719,479.60034,22.05716
181583,female,control,20.6,normal,2.853906,476.74225,17.798868
181945,male,control,29.6,normal,3.849219,505.26315,25.841825
181966,female,control,19.4,normal,3.178906,440.56906,17.443806
183195,male,control,25.3,normal,2.985937,468.06436,21.65673
183943,male,control,23.4,normal,2.753646,420.80655,13.670279
183946,female,control,19.6,normal,2.975781,520.3252,18.28101
184282,male,control,23.9,normal,3.615625,494.33572,21.26994
184405,female,control,19.9,normal,3.016406,470.51135,18.999949
184869,female,control,21.4,normal,2.234375,543.4988,21.489029
184906,male,control,27.4,normal,3.910156,467.53247,21.96203
185833,male,control,25.7,normal,3.554688,430.75082,19.206665
186635,male,control,23,normal,3.128125,483.546,19.292072
187475,female,control,20.5,normal,3.001562,514.1021,17.147017
187480,female,control,16.4,normal,2.378906,519.38684,12.877345
187902,male,control,25.1,normal,2.275,470.58823,11.046825
187910,female,control,18.6,normal,2.44375,495.6118,17.82323
187939,male,control,25.5,normal,3.300781,506.7746,21.189745
188874,male,control,26.9,normal,3.391146,451.3399,18.301182
188925,female,control,18.3,normal,3.1875,436.09933,13.871336
188963,female,control,18.7,normal,2.752344,500.60837,17.682737
189064,female,control,19.8,normal,3.559375,485.6661,11.909272
189106,female,control,21.2,normal,3.371875,460.9475,18.779182
190561,female,control,21.6,normal,3.107813,481.6859,17.8108
190578,male,control,26.6,normal,3.209375,529.41174,20.825445
190620,female,control,19.3,normal,2.985937,442.32837,19.582174
191266,male,control,25.6,normal,3.196354,483.78967,18.8602
191290,female,control,21,normal,3.019271,473.76215,18.549862
191296,male,control,24.6,normal,3.097656,454.9763,19.497147
191320,male,control,23.4,normal,3.747656,511.81802,16.664982
192024,male,control,24.6,normal,3.143229,504.99738,19.483824
192029,female,control,21.3,normal,2.727083,537.8151,24.30123
192175,female,control,20.6,normal,3.098958,455.0482,17.53551
192767,male,control,23.5,normal,2.417187,480.88162,19.873636
192772,female,control,21.3,normal,3.08125,474.77744,18.991451
192786,female,control,19.1,normal,3.107813,496.8087,19.14651
193843,male,control,22.5,normal,3.382292,480.48047,20.87946
194834,male,control,25.2,normal,3.544531,451.41064,19.616732
195475,male,control,28.4,abnormal,3.408854,473.13947,21.791084
195576,male,control,26.6,normal,3.045833,479.52048,22.520672
196744,female,control,19.7,normal,3.160938,463.09695,16.34656
198914,female,control,22.7,normal,3.258333,487.4746,17.585663
199019,female,control,20.8,normal,3.267187,470.20407,15.490714
199021,female,control,20.3,normal,3.311458,409.78943,15.279229
199023,female,control,20.8,normal,2.650781,460.0639,16.727901
199407,female,control,20.2,normal,3.019271,395.38715,13.739337
199508,male,control,24.4,normal,3.019271,439.7618,20.727938
200034,male,control,22.6,normal,3.178646,441.24405,18.108126
200263,female,control,18.9,normal,2.939583,486.32217,17.818
201499,male,control,24.7,normal,2.939583,444.9938,19.359154
201946,male,control,25.2,normal,3.160938,502.09204,22.33028
201953,male,control,25.8,normal,3.054688,446.58087,21.795273
201957,female,control,21.1,normal,3.196354,442.12466,15.401329
202044,male,control,25,normal,3.276042,535.316,22.586748
202048,female,control,18.1,normal,2.86875,488.46677,16.635918
202586,female,control,20.4,normal,3.001562,506.68542,18.146248
202612,female,control,18.6,normal,2.904167,457.79684,15.566505
204012,female,control,20.3,normal,2.939583,492.98184,17.849539
204873,female,control,21,normal,3.028125,500.52136,21.979788
205678,male,control,22.3,normal,2.780208,509.1938,21.743504
206908,female,control,19.9,normal,3.010417,470.28085,20.381182
207425,male,control,23.8,normal,3.568229,453.11517,20.810009
208993,male,control,24.1,normal,2.797917,472.75116,17.150793
209002,male,control,24,normal,3.199219,497.83923,19.695103
209484,male,control,26.7,abnormal,3.054688,496.46613,19.748247
210636,male,control,23.2,normal,3.544531,491.2161,23.024649
211130,male,control,22.1,normal,2.673958,437.22482,18.61734
211134,female,control,19.2,normal,2.647396,506.953,18.570831
212504,female,control,18.3,normal,2.647396,511.0914,20.624634
212786,male,control,23.6,normal,2.434896,454.9763,20.620539
213497,female,control,20.1,normal,3.656771,534.0256,18.793242
213841,male,control,25.5,abnormal,3.503906,504.82034,22.563791
213844,female,control,18.6,normal,3.143229,469.43765,16.11628
213847,female,control,20.6,normal,2.877604,439.29224,16.310226
213881,male,control,23.3,normal,3.054687,463.17145,19.202208
213899,male,control,21.9,normal,2.824479,498.2699,18.89084
213927,female,control,20.7,normal,3.258333,471.89908,21.106068
214028,female,control,20.8,normal,3.072396,486.32217,19.665289
214638,male,control,23.2,normal,2.966146,468.44504,16.858513
215081,female,control,20,normal,3.045833,503.58453,21.08059
215251,male,control,25.8,normal,3.302604,433.53906,21.433867
215267,female,control,20,normal,2.824479,513.91864,19.633186
216010,female,control,20.9,normal,2.709375,465.5674,21.453482
216043,female,control,19.6,normal,2.55,518.172,16.788948
216889,male,control,22.3,abnormal,3.07125,466.1703,23.450035
217008,female,control,20.4,normal,2.773125,431.52533,17.238417
217024,male,control,23.1,normal,2.65625,484.76688,16.107965
217049,male,control,25.7,abnormal,2.815625,502.9689,22.213404
217056,female,control,17.4,normal,2.496875,448.03983,18.950209
217267,female,control,19,normal,2.842188,446.2349,12.595892
218734,male,control,22.1,normal,2.669062,385.85208,15.642092
218738,female,control,18.4,normal,3.018,432,17.015
218742,female,control,20.5,normal,3.010417,436.09933,18.831451
219168,female,control,20.9,normal,2.718229,480.9619,21.273306
219189,male,control,21.7,normal,3.169792,404.0971,18.225431
219570,female,control,19.6,normal,3.045833,531.56146,22.680109
219869,female,control,20,normal,3.488542,403.92706,15.605973
220526,female,control,15.5,normal,2.248958,423.96585,13.817448
220557,male,control,24,normal,3.178906,420.1926,19.373901
221348,male,control,24.6,normal,2.65625,529.8988,19.094788
222661,male,control,22.5,normal,3.107813,413.6148,15.31798
223076,female,control,19,normal,3.178906,481.44434,21.713627
223555,female,control,20.2,normal,3.152083,518.732,20.85847
224186,male,control,24.9,normal,3.371875,408.33688,14.989888
225812,female,control,21.7,normal,2.665104,504.90884,23.192251
225888,female,control,20.3,normal,2.975,478.72342,15.792221
226447,male,control,15.6,normal,2.665104,461.16895,16.40863
226487,female,control,21.5,normal,3.097656,503.14465,20.388144
226697,male,control,24.8,normal,2.884375,439.96335,22.574144
227688,female,control,19.8,normal,3.252174,485.09348,21.34786
227701,female,control,19.2,normal,2.771739,593.2029,21.26836
227909,female,control,19.7,normal,3.113587,432.75732,16.779945
229020,male,control,25.8,abnormal,3.550272,417.3308,22.244295
229549,male,control,20.9,normal,3.048913,462.9481,18.111607
230802,female,control,19.5,normal,2.919565,520.41925,17.23275
230859,female,control,20.1,normal,2.540761,539.8313,18.10696
230862,female,control,20.6,normal,2.688587,456.49072,16.506718
230863,female,control,22.4,normal,2.850815,479.76013,19.351519
232050,male,control,24,normal,2.901087,543.704,21.689863
232363,female,control,20.4,normal,3.095109,483.6272,21.441086
232642,male,control,24.6,normal,2.642391,503.23257,18.36589
233656,male,control,25.1,normal,3.08587,492.72882,21.008587
234371,female,control,19.7,normal,2.992708,407.0004,15.613815
234458,male,control,23.9,abnormal,3.524219,520.99615,21.018995
235470,female,control,22.4,normal,3.291,460,19.197
237105,male,control,26.2,normal,3.31712,407.0096,20.78598
237531,female,control,18.8,normal,2.532292,480.89767,14.976723
240987,male,control,23.3,normal,2.925,458.6595,17.517057
241420,male,control,24.6,normal,3.077344,485.395,21.616133
241960,female,control,20.7,normal,3.432812,467.77548,19.942726
244302,female,control,20.3,normal,3.152,451,20.74
244603,female,control,18.4,normal,2.541146,530.50397,20.334461
245301,male,control,23.8,normal,2.735937,483.35123,20.01161
245402,female,control,20.7,normal,3.222917,433.77676,15.961986
246447,female,control,20.5,normal,3.125521,588.72784,25.016594
246654,male,control,23.2,normal,3.727344,419.131,18.036669
248215,male,control,22.8,normal,2.904167,417.19202,19.246672
248907,male,control,22.9,normal,3.25,439.56042,23.68639
248911,female,control,21.3,normal,2.886458,481.14963,21.01384
251419,male,control,23.2,normal,2.895313,515.104,25.335365
251530,female,control,19,normal,2.797917,536.2122,22.018932
254111,male,control,21.3,normal,2.576563,461.15063,16.491335
255613,female,control,23.1,normal,2.700521,555.9124,21.471596
255634,male,control,26,abnormal,3.483594,504.59744,22.390064
257518,female,control,23,normal,3.33125,459.61514,21.44883
258911,male,control,22.3,abnormal,2.753646,469.48358,19.047573
258917,female,control,21.1,abnormal,3.559375,428.343,14.85753
259057,female,control,18.8,normal,2.957292,546.4746,21.665104
259512,male,control,25.4,abnormal,2.996094,513.96265,22.237877
259575,male,control,21,normal,3.231771,415.8004,18.454823
260402,female,control,21,normal,3.559375,439.28152,13.091444
260482,male,control,21.2,normal,2.983854,485.395,16.468132
260826,female,control,19.1,normal,3.1875,426.91257,16.376017
260855,male,control,23.9,normal,3.808594,413.337,16.686092
261113,female,control,20.7,normal,3.107813,470.0819,19.314981
261152,male,control,20.4,abnormal,2.930729,467.81436,20.362629
261173,female,control,18.4,normal,3.072396,507.0194,17.83036
261724,female,control,18.4,normal,3.036979,462.4016,18.05726
261895,female,control,21.3,normal,3.258333,445.27563,16.552898
263096,female,control,20.1,normal,3.603646,494.81,12.86514
263346,male,control,25.4,abnormal,2.925,492.29828,22.128277
264389,female,control,18.4,normal,3.107813,401.45236,12.131943
264552,male,control,20.8,normal,2.824479,475.34543,17.04131
265732,female,control,20.6,normal,3.747656,431.36917,13.409218
267297,male,control,25.6,abnormal,3.33125,504.59744,24.12629
267605,female,control,16.5,normal,2.913021,501.2922,16.702265
269396,female,control,18.6,normal,3.189062,545.5537,24.417887
271640,male,control,23.2,normal,3.463281,558.0357,17.059246
272081,female,control,21.5,normal,2.55,505.3738,14.756923
272912,female,control,19.7,normal,3.117969,440.3131,17.345575
273824,male,control,22.7,abnormal,2.399479,554.56964,16.735594
275714,male,control,23.1,abnormal,2.541146,460.23563,16.451584
275931,female,control,21.2,normal,3.077344,486.2552,17.841232
278001,male,control,21.7,abnormal,2.803125,441.8262,19.233334
278413,female,control,20.5,normal,2.921875,470.42017,20.700928
279684,male,control,20.1,abnormal,2.496875,472.53024,15.46762
279924,male,control,22.3,normal,2.576563,480.10754,14.876635
279926,female,control,19.2,normal,2.638542,488.27066,15.678942
280170,male,control,23.7,normal,3.382031,480.89767,19.00759
280620,male,control,23,normal,2.921875,498.7476,16.60454
282240,male,control,24.6,normal,3.605469,447.38727,15.70748
282262,male,control,20.9,normal,2.541146,480.31766,19.284128
282548,male,control,24,normal,2.992708,470.47507,21.084633
282550,female,control,19.5,normal,2.390625,483.79294,19.222263
284052,male,control,25.6,normal,3.717188,454.54544,20.1225
285069,female,control,21.6,normal,3.851563,413.82736,9.085403
285969,male,control,20.9,normal,2.647396,493.74588,15.555207
285975,female,control,21.1,normal,3.107813,501.39835,19.676317
287988,female,control,19.3,normal,2.780208,492.29828,21.41848
288690,female,control,21.1,normal,2.55,548.14545,15.99428
289512,female,control,19.6,normal,3.29375,504.4843,14.130676
289519,female,control,18.5,normal,2.479167,450.9018,15.582114
289806,male,control,26.9,normal,2.709375,518.8875,21.358618
290064,male,control,28.4,normal,2.488021,533.70654,19.801165
292543,female,control,20.1,normal,2.44375,504.59744,20.900476
293269,female,control,19.1,normal,2.620833,525.11816,17.72129
293287,male,control,26.7,normal,2.496875,578.5623,23.825912
293754,female,control,19,normal,2.071875,497.7656,17.143217
293763,male,control,21.7,normal,2.638542,548.7269,18.12111
293808,female,control,20.8,normal,2.930729,454.54544,18.666914
294424,male,control,21.9,normal,2.204687,456.28302,17.830177
294430,female,control,17.5,normal,2.647396,470.98227,15.174979
295138,male,control,25.1,normal,2.914844,529.9105,23.237638
295189,female,control,20.4,normal,2.426042,512.8205,19.035822
295199,male,control,24.7,normal,3.49375,529.99164,21.478605
295857,female,control,19.5,normal,3.422656,448.42157,20.246567
296294,female,control,21,normal,3.138281,504.67667,21.081657
296490,female,control,23.6,normal,3.788281,422.41623,10.155375
296493,male,control,26.8,abnormal,4.164063,479.47833,20.697521
296517,female,control,21.4,normal,2.346354,534.7721,21.49603
297000,female,control,20.5,normal,2.408333,502.81577,18.251736
297026,female,control,21.7,normal,3.290625,451.0645,16.397272
297307,male,control,23.2,normal,2.84375,463.9175,20.34417
297677,male,control,28,normal,2.061719,593.4562,20.981789
297865,female,control,20.3,normal,2.479167,554.66534,19.680456
297928,male,control,26.4,normal,3.270313,417.17654,19.242224
298421,male,control,24.2,normal,2.335938,569.9233,24.652328
298462,female,control,21.3,normal,2.364063,471.2042,16.72084
298917,male,control,24.9,normal,2.983854,433.4467,17.276756
298941,female,control,20,normal,2.983854,437.89227,15.195477
298998,male,control,27.9,normal,2.823437,528.07605,24.21544
300697,male,control,22.9,normal,2.853906,500.99084,21.040161
300911,male,control,24.2,normal,2.381771,566.89343,19.830763
301038,female,control,16.5,normal,3.240625,409.4293,8.455128
301067,male,control,26.2,normal,2.178125,553.40344,19.512642
301818,female,control,19.7,normal,2.44375,435.65814,16.08777
301919,male,control,26,normal,3.453125,438.98157,14.125062
301970,female,control,18.7,normal,3.205208,450.72116,13.857486
302018,male,control,21.9,normal,3.019271,471.52017,17.256535
302035,male,control,22.9,normal,2.824479,393.13327,15.907721
302053,male,control,23.4,normal,3.686719,443.5464,10.731085
302237,female,control,22.7,normal,2.955469,439.5991,19.32364
302239,female,control,19.2,normal,2.051563,451.5896,13.765263
302318,female,control,20,normal,2.744792,512.05023,12.893604
303128,male,control,25.4,normal,2.912812,451.60318,18.923613
303151,female,control,19.4,normal,2.539375,597.12585,22.208012
303405,male,control,21.9,normal,2.21,501.87366,18.065395
303574,male,control,25.3,normal,3.33125,430.72507,21.565449
303579,female,control,19.8,normal,3.392187,471.4609,17.020754
303626,female,control,21.1,normal,2.82625,538.078,21.828592
304075,male,control,26,normal,2.896296,451.0826,21.700327
304663,male,control,22.7,normal,2.644687,493.9247,23.160238
304691,male,control,26.4,normal,3.160938,495.14755,19.508095
304700,female,control,16.4,normal,2.806771,461.93643,12.344514
304718,female,control,21.6,normal,3.302604,361.87015,17.452608
304858,female,control,19.5,normal,3.019271,511.60782,20.416481
304888,female,control,22,normal,2.295,532.38684,19.923798
304898,female,control,19.7,normal,3.019271,550.2972,21.18373
306238,female,control,19,normal,2.147813,443.05292,11.030657
306740,female,control,21.7,normal,3.315,463.32047,16.066486
306741,female,control,22.2,normal,3.028125,455.06027,16.262419
306865,male,control,23.7,normal,3.436875,345.925,14.54961
307227,male,control,23.1,normal,2.48625,528.2186,21.468307
307233,female,control,20.7,normal,2.645625,573.32874,20.628
307424,female,control,20.6,normal,2.943125,552.88666,19.105255
307445,male,control,21.2,normal,2.877604,426.39478,14.328194
308688,male,control,22.9,normal,3.083438,397.51245,17.031988
309150,male,control,20.7,normal,3.283125,469.0334,20.735464
309304,female,control,17.3,normal,2.771354,568.22485,19.841787
310192,female,control,20,normal,2.284375,561.16724,18.04244
310261,female,control,17.1,normal,2.730625,521.461,19.156649
311251,male,control,25,normal,3.534375,443.9884,22.098785
311646,female,control,18.2,normal,2.488021,575.4844,17.893389
312191,male,control,25.4,abnormal,3.373438,545.78534,21.219076
313198,female,control,22.4,normal,2.753646,511.02103,22.000519
313579,male,control,28.2,normal,3.134375,385.90173,15.339437
315725,male,control,21.7,normal,2.851042,393.81104,17.623545
315881,female,control,19.9,normal,3.1025,531.10504,18.65673
315983,female,control,20.6,normal,2.241875,552.2828,22.058598
320841,female,control,19.3,normal,2.624375,529.0134,21.655657
320857,female,control,21.2,normal,2.48625,463.83145,20.779564
321256,male,control,20.9,normal,2.78375,414.36465,16.483189
321677,male,control,26,normal,2.805,517.6877,22.702028
321683,female,control,17.6,normal,2.61375,546.76013,13.97497
322449,female,control,20.9,normal,2.693437,466.88248,18.001957
322563,female,control,20.4,normal,2.82625,465.78064,18.339808
322691,male,control,20.7,normal,3.196354,417.59854,13.395117
322744,female,control,16.3,normal,2.461979,468.60355,12.778663
324246,female,control,22.9,normal,3.300833,510.51086,24.111204
324503,male,control,26.5,normal,3.473438,369.36716,13.082437
324528,male,control,24.7,normal,3.33625,349.45486,7.859072
324797,female,control,20.4,normal,3.03875,467.46448,17.077297
324805,female,control,21.7,normal,2.465,561.80475,19.313896
325466,male,control,24.3,normal,3.0175,372.51038,19.707047
325597,female,control,19.7,normal,2.9325,559.0062,16.848907
325771,male,control,21.1,normal,2.38,475.0644,15.66026
325801,male,control,24.2,normal,2.571563,455.62238,18.672564
325937,male,control,22.2,normal,2.803125,441.47513,14.980388
326997,female,control,21.1,normal,3.091875,506.3462,13.173828
327332,female,control,18,normal,2.374375,526.73474,15.554354
327942,male,control,26.9,normal,2.68125,520.86346,26.13804
328259,female,control,20.6,normal,2.815625,448.0287,17.54104
328282,male,control,25.4,normal,2.0825,473.79892,17.387913
328761,male,control,21.7,normal,2.794375,388.33945,14.384846
329420,male,control,22.5,normal,2.638542,469.13116,18.295591
330762,male,control,26,normal,2.569531,482.53232,14.76915
330763,male,control,27.2,normal,3.371875,519.67847,21.701141
331333,male,control,26.5,normal,3.046875,387.31668,18.255621
332159,female,control,17.4,normal,2.496875,452.48868,14.154209
332160,female,control,15.6,normal,2.86875,461.53845,15.770943
332161,female,control,17.6,normal,3.258,350,12.912
332162,female,control,17.6,normal,2.452604,461.06558,16.53188
332260,male,control,23.5,normal,2.711719,397.41678,16.272442
332892,female,control,19.7,normal,2.73,417.8661,19.009148
333417,male,control,22.7,normal,2.050625,425.9105,15.773417
333427,male,control,21.6,normal,4.180312,335.97134,15.887446
333516,male,control,21.6,normal,3.436875,349.61774,9.685635
333522,male,control,27.1,normal,2.348125,490.82162,20.746044
333757,female,control,21.2,normal,2.65625,480.49203,19.376223
333758,female,control,19.2,normal,2.630469,453.37766,13.14427
333759,female,control,20.3,normal,2.576563,493.74588,14.172593
333766,female,control,21,normal,2.222396,482.3358,12.828449
335131,male,control,26.7,abnormal,3.33125,522.71484,23.842052
335132,male,control,24.1,abnormal,2.204687,549.26276,17.15107
335133,male,control,25.3,abnormal,3.595312,508.8598,20.58894
335134,female,control,19.7,normal,2.44375,486.40234,17.231028
335135,female,control,18.3,normal,2.594271,501.39835,18.710222
335136,female,control,21.3,normal,2.061719,478.88135,10.869987
335174,female,control,19.5,normal,2.721875,460.61722,17.926601
335626,female,control,19.6,normal,2.628125,482.3358,16.328627
335627,female,control,19.1,normal,2.505729,523.66986,18.146894
335628,female,control,17.9,normal,2.49974,505.36813,13.352196
335629,female,control,19.8,normal,2.122135,461.46747,16.062223
335630,female,control,22.1,normal,2.966146,437.89227,17.588957
336035,male,control,26.7,abnormal,1.880469,521.2557,14.352243
336036,male,control,25.2,normal,2.461458,492.68634,18.024536
336037,male,control,27.2,normal,3.054688,486.66537,19.494917
336038,male,control,24.3,normal,2.234375,539.43896,17.18568
336039,male,control,25.4,normal,2.665104,565.2556,14.767889
338896,male,control,24.4,normal,2.912812,556.58624,20.289495
338901,female,control,17.5,normal,2.483125,455.60394,8.28805
339917,male,control,23.7,normal,3.036979,421.26944,17.29517
339918,male,control,25.7,normal,2.603125,467.46448,18.890697
339919,male,control,26.5,normal,1.921354,557.9527,17.733889
339920,male,control,23.8,normal,2.532292,436.4525,15.200954
339922,female,control,19.4,normal,2.190104,505.7089,16.041275
339923,female,control,20.5,normal,3.058594,436.0465,11.823786
339924,female,control,19.5,normal,3.08125,406.35724,14.787062
339925,female,control,19.9,normal,2.904167,436.76175,16.124517
339926,female,control,21.8,normal,2.333594,532.65155,12.318551
339931,male,control,23.5,normal,2.904167,376.94125,17.78602
339948,male,control,26.1,normal,2.894531,532.6957,23.603834
339949,male,control,25.7,normal,3.028125,513.1831,20.700571
339950,male,control,25.3,normal,2.620833,511.68344,19.288057
339951,male,control,27.4,normal,2.401562,502.07526,17.08244
339952,male,control,24.1,normal,2.507292,527.5127,16.641014
339962,female,control,18.7,normal,2.303385,548.7805,18.517538
339963,female,control,18.1,normal,3.073698,520.3335,19.190094
339964,female,control,18.8,normal,2.31849,451.28165,11.703826
339965,female,control,19.6,normal,2.492188,383.71677,9.99947
339966,female,control,19.4,normal,2.326042,523.45056,12.846531
342463,male,control,26.7,normal,2.341146,485.96112,14.614969
342464,male,control,29.2,normal,3.453125,377.28256,15.697925
342465,male,control,27.1,normal,3.260156,438.27185,21.53675
342466,male,control,25.6,normal,2.545052,456.37094,17.81429
342467,male,control,24.9,normal,2.439323,533.70654,21.438852
342471,female,control,21.8,normal,2.507292,477.4637,18.195658
342472,female,control,21.2,normal,2.293229,488.49326,18.362001
342473,female,control,22.1,normal,2.688542,440.12793,13.360259
342474,female,control,20.4,normal,2.341146,444.65524,16.037292
344591,male,control,22,normal,2.992708,508.15878,18.486694
344592,male,control,22.3,normal,2.665104,521.2677,18.676811
344593,male,control,23.3,normal,2.786719,456.445,14.523237
344594,male,control,22.3,normal,2.23125,548.2456,14.078565
344595,male,control,22.5,normal,2.326042,493.5293,14.233162
344605,female,control,19.7,normal,2.13724,460.61722,15.295914
344607,female,control,13.8,normal,1.69375,480.76923,10.982571
344608,female,control,18.1,normal,1.736979,535.1791,16.100307
344621,female,control,20.5,normal,2.355208,507.56842,18.285233
344622,female,control,20.8,normal,1.948438,539.13525,14.045365
344687,female,control,19.9,normal,2.851875,498.49344,17.578465
345561,male,control,26.7,normal,2.346354,546.05023,20.328993
345562,male,control,27.9,normal,2.364063,512.8205,14.797095
345563,male,control,27.2,normal,2.806771,482.7342,13.837895
345564,male,control,27.4,normal,3.199219,497.7656,22.481316
345565,male,control,26.6,normal,2.752344,588.8819,27.077854
346489,female,control,19.2,normal,2.529948,427.54532,14.365933
346493,female,control,19.2,normal,2.541146,488.06943,19.202194
346494,female,control,19.9,normal,1.948438,525.50446,11.521884
346495,female,control,17.9,normal,2.182552,552.2828,15.932482
346496,female,control,20.6,normal,2.069271,562.5563,18.819239
348254,male,control,25.4,normal,3.550521,387.17004,16.18443
348255,male,control,24.8,normal,3.473438,387.95444,15.129105
348256,male,control,24,normal,4.117188,368.85245,11.403809
348257,male,control,25.6,normal,4.123437,349.33548,13.535009
348258,male,control,23.3,normal,3.25,418.9164,19.329222
348259,female,control,21,normal,2.541146,447.54745,16.542456
348260,female,control,19.8,normal,2.985937,406.13718,18.138783
348261,female,control,21.2,normal,2.620573,422.04382,14.436631
348262,female,control,21.5,normal,2.620312,468.99426,17.599268
348263,female,control,18.1,normal,2.585417,426.16864,12.659831
348893,female,control,21.4,normal,3.036719,380.11893,17.198929
348894,female,control,19.6,normal,3.219531,439.19577,16.751783
348895,female,control,22.5,normal,3.08125,409.2546,11.513441
348944,male,control,25.1,normal,3.073698,452.73907,17.212292
348945,male,control,27.1,normal,3.148438,507.18512,17.037605
348946,female,control,20.6,normal,2.957292,463.5209,16.482725
348947,female,control,22.1,normal,2.514844,529.9105,16.819962
348953,male,control,24.9,normal,3.828906,310.34482,9.340877
348954,male,control,26.3,normal,3.240625,388.48026,15.744169
348955,male,control,27.5,normal,3.16875,445.19193,18.7638
351167,male,control,24.9,normal,3.807292,367.21503,13.206097
351168,male,control,23.9,normal,3.488542,375.34406,9.61374
351169,male,control,24.8,abnormal,3.054688,426.29785,16.990261
351170,male,control,25.8,normal,3.7375,345.9649,11.324177
351171,male,control,23.8,normal,3.028125,407.6604,15.034077
351173,female,control,18.6,normal,3.058594,388.0381,12.037977
351174,female,control,19.6,normal,3.346875,464.7608,14.959981
351175,female,control,18.4,normal,2.280729,459.61044,13.922895
351176,female,control,18.6,normal,3.141667,388.60104,12.703781
351177,female,control,20.2,normal,3.270052,370.4161,11.907783
353411,female,control,19.6,normal,2.643229,438.27185,11.447477
353412,female,control,18.2,normal,2.152344,486.85492,13.879956
353413,female,control,20.9,normal,2.665885,504.23557,22.913656
353414,female,control,20.6,normal,3.575,433.77676,17.06741
353417,female,control,20.5,normal,2.975,458.78574,19.289701
353434,male,control,23.2,normal,2.789063,429.14362,16.023064
353435,male,control,24.3,normal,2.975781,411.90686,13.898856
353436,male,control,24.9,normal,3.160938,425.93066,15.629536
353437,male,control,24.4,normal,3.199219,414.09012,16.782127
353438,male,control,23.3,normal,3.605469,326.30685,11.097782
353568,male,control,25.7,normal,2.779167,479.84134,15.0978
353569,male,control,25.9,normal,3.125521,467.12964,17.22422
353570,male,control,25.9,normal,3.435417,399.24057,16.667093
353571,male,control,27.1,normal,2.877344,503.42328,17.545155
353587,female,control,17.3,normal,3.292708,501.73935,20.934713
353591,female,control,18.4,normal,2.611979,459.42746,11.503733
353592,female,control,19.2,normal,2.771354,456.96878,15.525834
353593,female,control,16,normal,3.360677,349.8624,7.980944
353594,female,control,18.9,normal,2.613021,464.77042,16.773075
354444,male,control,22.9,normal,2.182552,346.81546,11.249273
354445,male,control,25.7,normal,3.453125,395.25693,14.746161
354446,male,control,23.7,normal,3.879688,338.91156,11.441599
354447,male,control,19.8,normal,3.134375,372.10995,9.689814
354448,male,control,22.6,normal,2.372917,293.42148,8.444666
354449,female,control,18.2,normal,2.628125,446.66785,11.887598
354450,female,control,18.1,normal,3.270052,433.4091,11.779835
354451,female,control,19,normal,2.099479,475.6871,12.39998
354452,female,control,19.2,normal,3.310938,312.48264,7.513112
354453,female,control,19.2,normal,2.869792,412.47318,13.108279
354800,female,control,22.4,normal,2.080729,527.54364,19.454096
354801,female,control,22.3,normal,3.231771,429.3934,17.565546
354803,female,control,22.3,normal,1.533073,562.6266,17.455847
354804,female,control,21.5,normal,2.532292,472.53024,18.204355
354805,female,control,22.3,normal,1.974479,525.50446,17.919315
354816,male,control,26.5,normal,2.922656,426.39478,11.42068
354817,male,control,25.3,normal,3.057031,402.73862,14.269769
354818,male,control,27.3,normal,3.00625,509.88034,18.838728
354821,male,control,28.6,normal,3.392187,369.49454,14.222485
354822,male,control,26.3,normal,3.686719,369.95016,14.037503
355256,male,control,26.1,normal,3.158594,465.70352,17.015442
355257,male,control,24.9,normal,2.86875,520.92377,18.622635
355258,male,control,28.1,normal,3.321094,502.50134,23.050772
355259,male,control,27.1,normal,3.503906,454.0776,15.027194
355260,male,control,27.5,normal,2.86875,533.54834,16.085102
356644,female,control,23.9,normal,3.311458,378.24026,11.553053
356645,female,control,20.7,normal,2.771354,472.73874,18.743607
356646,female,control,20.9,normal,3.615625,370.67545,11.839191
356667,female,control,19.1,normal,2.567708,455.45636,15.37537
356668,female,control,20.6,normal,3.267187,477.2814,15.672251
356688,male,control,25.7,normal,2.628125,419.5804,10.745461
356689,male,control,22.7,normal,2.44375,462.4016,15.63712
356690,male,control,26.1,normal,3.199219,378.93143,12.692603
356691,male,control,25.5,normal,3.707031,308.10312,9.347694
356692,male,control,25,normal,2.144792,460.79175,15.484114
356693,female,control,20.4,normal,3.1875,357.0635,11.664948
356694,female,control,20.7,normal,2.091927,485.75128,13.837587
356695,female,control,19,normal,2.582813,409.5004,13.774392
356696,female,control,18.2,normal,2.084375,495.8787,11.933694
356706,female,control,20.4,normal,2.13724,493.09665,16.04419
357248,female,control,19.9,normal,2.71875,438.27185,18.1589
357249,female,control,18.4,normal,2.454427,484.57437,16.881645
357250,female,control,20.9,normal,2.492188,399.9289,16.127823
357251,female,control,20,normal,3.231771,391.2091,14.236793
358286,male,control,25.2,normal,2.753646,464.33398,18.576082
358287,male,control,25.8,normal,2.477083,457.31708,18.232012
358288,male,control,26.1,normal,3.107813,432.96292,14.718057
358289,male,control,27,normal,2.407031,524.18225,20.576378
358290,male,control,26.6,normal,3.564844,334.68198,11.464576
358732,male,control,27.4,normal,3.16875,446.63904,21.156513
358733,male,control,23.1,normal,3.270312,363.63635,14.35188
358734,male,control,26.6,normal,3.463281,423.0251,18.563492
358735,male,control,24.1,normal,3.483594,388.2155,15.481228
358751,male,control,25,normal,2.985937,390.1678,15.206301
359446,female,control,18,normal,2.741,461,15.44
359447,female,control,18.3,normal,3.541667,344.38776,9.934435
359448,female,control,18.9,normal,2.744792,433.721,13.680608
359454,female,control,18.8,normal,2.665104,513.308,23.16384
359455,female,control,18.1,normal,2.983854,408.13858,9.071042
360017,male,control,24.1,normal,3.534375,384.35806,15.615835
360018,male,control,25,normal,3.270313,367.1671,16.174856
360019,male,control,24.8,normal,3.361719,348.3399,12.802746
360020,male,control,25.9,normal,2.434896,530.4362,14.571987
360021,male,control,23.4,normal,3.036979,385.208,13.980077
360026,female,control,19.3,normal,2.346354,440.6185,12.34943
360027,female,control,21.1,normal,3.364583,379.49332,14.491292
360028,female,control,17.5,normal,2.386458,496.771,14.86451
360029,female,control,20.4,normal,2.780208,475.06357,13.137858
360033,female,control,19.1,normal,3.4,411.1529,13.407454
361762,male,control,26.4,normal,2.417187,596.7774,22.846008
361764,male,control,23.3,normal,3.373438,386.6173,14.775645
361767,male,control,25.8,normal,2.597917,422.6741,11.326309
361789,male,control,21.6,normal,2.9,389.3632,10.911687
361804,female,control,18.6,normal,3.205208,397.88385,11.813571
361805,female,control,17.8,normal,2.945313,342.67438,10.13175
361810,female,control,19.7,normal,2.665104,491.23956,20.639912
361811,female,control,18.3,normal,2.514844,406.83176,14.556269
361814,female,control,19.5,normal,3.346875,390.08322,9.352104
363138,male,control,24.5,normal,2.488021,423.08145,15.808701
363139,male,control,28.1,normal,2.925,505.78848,15.514326
363140,male,control,27,normal,2.815625,443.39343,16.271786
363143,female,control,19.4,normal,2.275521,485.41943,14.617012
363145,female,control,19.7,normal,2.505729,379.22412,13.304987
363695,female,control,21.4,normal,3.178646,425.86414,16.24105
363696,female,control,19.7,normal,2.326042,426.66162,15.784572
363697,female,control,19,normal,2.461458,434.6986,14.406718
363698,female,control,16.3,normal,2.842188,300.85242,10.742112
363699,female,control,20,normal,2.039063,465.38885,13.492512
364109,male,control,26.9,normal,2.700521,523.9031,15.991866
364110,male,control,25,normal,2.125,550.09985,20.524145
364111,male,control,26.6,normal,2.240104,488.2945,17.21804
364112,male,control,26.6,normal,3.128125,447.7612,14.009883
364113,male,control,26.3,normal,3.575,444.11548,16.1666
365135,female,control,18.9,normal,3.143229,366.2209,13.116578
365136,female,control,18.2,normal,2.635677,455.29663,15.192732
365137,female,control,20.2,normal,2.265625,450.40536,9.590956
365144,female,control,20.2,normal,2.594271,491.40048,20.306261
365145,female,control,19.5,normal,3.30026,384.12292,9.784965
365357,male,control,25.5,normal,3.107813,407.05563,15.716847
365358,male,control,25.9,normal,3.717188,413.05878,15.799318
365363,male,control,26.4,normal,3.028125,387.711,17.768406
365372,male,control,23.9,normal,2.35625,403.15958,10.466303
365373,male,control,24.3,normal,3.231771,446.53192,16.892673
365469,male,control,26.3,normal,1.874167,506.8709,15.877264
367102,female,control,18.7,normal,2.2525,415.02386,16.60858
369188,male,control,22.6,normal,1.970312,432.69232,10.920735
369189,male,control,22.8,normal,2.6,472.02798,20.827911
369190,male,control,26.2,normal,3.107813,350.17865,15.517249
369191,male,control,20.4,normal,2.266667,515.6854,22.726141
369192,male,control,23.5,normal,1.736719,526.3158,13.689795
370549,female,control,19.6,normal,3.065755,406.3511,14.375648
370552,female,control,19.7,normal,2.528906,514.04095,17.474703
370553,female,control,20.3,normal,2.955469,421.10516,15.770069
370554,female,control,19.5,normal,2.884375,445.57764,17.154997
370555,female,control,18.9,normal,2.772656,479.10568,22.247002
372096,male,control,21.7,normal,2.001042,525.88525,17.808395
372097,male,control,25.7,normal,2.939583,448.09558,20.306074
372099,male,control,24.3,normal,2.833594,514.75635,10.475822
372105,male,control,29.3,normal,3.063542,402.56448,16.803728
372108,female,control,18.9,normal,3.392187,489,21.312616
372109,female,control,22.2,normal,2.691667,468.56696,17.58385
372110,female,control,20.1,normal,3.019271,388.04254,13.44181
372111,female,control,19.4,normal,2.541146,480.76923,19.498524
372112,female,control,21,normal,2.479167,451.56543,13.134493
374259,female,control,22.6,normal,2.3375,590.3188,20.293978
374260,female,control,23.3,normal,2.877604,542.9537,20.054281
374261,female,control,24.3,normal,2.894531,559.46954,21.301065
374262,female,control,22.1,normal,2.86875,531.46466,16.038036
374263,female,control,23.8,normal,2.782812,487.013,16.897326
374310,male,control,26,normal,3.727344,417.05283,15.178415
374311,male,control,30.7,normal,2.797917,563.4861,19.409761
374312,male,control,27.5,normal,2.576563,511.15067,17.167051
374318,male,control,30.4,normal,2.782812,492.56592,13.650182
374326,female,control,19.7,normal,2.620833,486.76715,13.407547
374327,female,control,17.8,normal,1.729427,542.234,15.150045
374328,female,control,18.7,normal,2.142708,593.772,25.181227
374329,female,control,18.4,normal,2.284375,504.86163,18.707935
375175,female,control,20.2,normal,2.914844,456.9301,18.07231
375456,male,control,23.6,normal,2.771354,513.38116,18.455664
375457,male,control,26.2,normal,2.671094,513.10803,19.52732
375458,male,control,28.1,normal,3.49375,436.0465,17.264996
375459,male,control,27.1,normal,3.514063,462.24567,17.401207
375460,male,control,23.8,normal,3.402344,445.93088,13.024087
376512,female,control,21.4,normal,3.270313,407.2982,16.268728
376513,female,control,20.6,normal,2.457813,474.24164,18.01546
376514,female,control,17.8,normal,2.3375,439.69287,11.135708
376515,female,control,19.7,normal,3.585156,475.06357,20.968254
376516,female,control,18.7,normal,2.742188,515.2475,15.921408
376700,male,control,25,normal,2.496875,474.36664,17.43164
376701,male,control,24.6,normal,2.985937,442.73907,12.991943
376702,male,control,25.6,normal,3.067188,524.1141,21.657547
376703,male,control,26.3,normal,2.325781,535.39557,15.551815
376704,male,control,22.2,normal,2.335938,514.97235,18.825815
377847,male,control,22.3,normal,2.284,499.56982,17.280357
377851,male,control,24.2,normal,2.798,471.82587,15.062014
378189,female,control,19.3,normal,2.295,549.322,18.57018
378190,female,control,19.4,normal,2.532,483.35123,13.495801
378191,female,control,22.1,normal,3.205,411.77054,9.3334
378205,female,control,20.3,normal,2.479,439.9257,11.111565
378206,female,control,19.7,normal,2.764,495.15845,13.212717
378723,male,control,23.4,normal,3.595312,428.2995,17.069256
378724,male,control,23.5,normal,2.792969,460.94357,16.615393
378725,male,control,24.6,normal,2.610156,517.87634,17.757193
378726,male,control,22.6,normal,2.665104,433.03583,13.862319
378727,male,control,22.5,normal,2.4375,410.8651,14.869033
379332,female,control,19.5,normal,2.914844,419.47937,13.735653
379333,female,control,18.9,normal,2.498438,485.08368,16.522966
379334,female,control,19.3,normal,2.691406,516.52893,16.77356
379335,female,control,19.1,normal,2.965625,459.32428,14.717057
379336,female,control,21.2,normal,2.894531,488.40048,16.239544
379649,male,control,24.5,normal,3.382031,431.67194,15.599428
379650,male,control,25.1,normal,3.341406,404.57922,17.626371
379651,male,control,24.4,normal,2.985937,419.47937,13.928812
379652,male,control,23.8,normal,2.735937,439.7,15.900931
379653,male,control,25.9,normal,3.209375,425.08975,14.121085
380793,female,control,21.5,normal,2.742188,508.11572,21.692286
380794,female,control,20.3,normal,3.057031,436.11694,14.641878
380795,female,control,18.7,normal,2.6,470,14.887
380796,female,control,19.7,normal,2.559375,529.9521,18.21107
380961,female,control,19.8,normal,2.549219,519.83057,18.456886
380962,female,control,18.7,normal,3.057031,507.79083,16.102497
380965,female,control,20.6,normal,2.163281,500.76505,13.282972
380966,female,control,19.9,normal,3.676563,400.17786,16.054647
380967,female,control,20,normal,2.691406,464.59607,15.851397
381359,male,control,23.8,normal,2.264844,522.46606,15.631194
381360,male,control,26,normal,2.732031,453.47284,17.574657
381361,male,control,23.3,normal,2.116146,485.75128,13.567003
381362,male,control,25.6,normal,2.457813,563.9981,19.043179
381363,male,control,27.1,normal,3.169792,422.78333,18.19515
382740,female,control,20.5,normal,3.00625,440.8163,11.242784
382741,female,control,19.3,normal,2.567708,459.14853,15.845387
382742,female,control,18.6,normal,2.498438,479.98294,16.608778
382761,male,control,21.7,normal,2.213542,501.11823,13.375677
382762,male,control,19.5,normal,2.508594,397.99823,12.091397
382763,male,control,23,normal,3.747656,425.32413,17.850142
382764,male,control,20.3,normal,2.222396,466.24878,17.343807
382771,female,control,20.5,normal,2.7625,477.8761,18.13921
382772,female,control,20.3,normal,2.335938,597.8478,25.47258
384547,female,control,22.2,normal,2.3375,445.52985,14.257556
384548,female,control,20.9,normal,2.7625,464.57608,18.601433
384549,female,control,19.7,normal,2.310937,553.6417,16.68998
384550,female,control,19.8,normal,2.151562,536.0121,18.752726
384551,female,control,20.8,normal,2.364063,494.40588,14.979046
385050,male,control,25.6,normal,2.567708,497.16888,19.010345
385051,male,control,24.6,normal,3.529167,457.6271,20.519318
385052,male,control,24.6,normal,2.647396,523.4689,17.719658
385053,male,control,24.2,normal,3.08125,353.84546,14.942199
385054,male,control,24.6,normal,3.288542,369.54916,13.529172
387009,male,control,24.9,normal,3.125521,450.21008,18.44185
387010,male,control,25,normal,2.467969,543.4236,23.559494
387011,male,control,21.6,normal,2.955469,520.8384,20.849722
387012,male,control,23.8,normal,3.098958,490.07596,15.046895
387014,female,control,19.3,normal,2.293229,470.9576,17.059805
387015,female,control,19.9,normal,2.204687,526.68536,18.40626
387016,female,control,17.8,normal,3.280469,406.04556,12.974396
387017,female,control,19.3,normal,2.036458,550.09985,16.960365
387018,female,control,19.9,normal,2.514583,493.40753,18.10055
387361,male,control,27.6,normal,3.341406,420.2171,17.071636
387362,male,control,24.3,normal,2.874219,470.9576,18.075039
387363,male,control,24.2,normal,2.815625,471.76404,18.392313
387364,male,control,27.4,normal,3.290625,453.8883,18.121866
387365,male,control,21.4,normal,2.660938,481.0005,15.939601
388338,female,control,20.3,normal,2.122656,555.07587,19.421963
388339,female,control,20.2,normal,3.036719,437.85678,15.647009
388340,female,control,19.9,normal,2.366406,530.4362,13.766852
388342,female,control,20.4,normal,3.00625,463.14563,18.17386
389299,male,control,25.2,normal,2.965625,437.67224,21.343155
389300,male,control,24,normal,2.293229,443.65573,14.872005
389303,male,control,24.1,normal,2.244531,457.7241,13.443653
390837,female,control,21.1,normal,2.925,440.42084,22.351217
390838,female,control,20.2,normal,2.559375,442.0215,14.080047
390839,female,control,20.1,normal,3.382031,420.16806,11.869464
390840,female,control,19.2,normal,3.199219,420.62625,13.688397
390841,female,control,20,normal,2.904688,456.38947,15.528444
391714,female,control,14.7,normal,1.929688,451.75052,8.204932
391715,female,control,20.4,normal,2.23125,488.6126,12.664903
391716,female,control,20.2,normal,2.803125,445.21396,16.149456
391724,female,control,20.1,normal,2.3375,457.65814,15.188441
391725,female,control,14.8,normal,1.789844,537.92365,16.839748
391990,male,control,24.4,normal,2.859896,473.48483,16.032936
391991,male,control,26.3,normal,3.148438,469.53256,24.075314
391992,male,control,27.6,normal,2.65625,563.4861,21.969112
391993,male,control,24.2,normal,2.660938,422.60464,14.129842
391994,male,control,24.9,normal,2.7625,520.5321,22.749245
393803,male,control,23.9,normal,2.567708,523.7836,18.46404
393804,male,control,24.8,normal,2.939583,549.01483,21.19737
393805,male,control,24.6,normal,2.650781,456.9301,16.923628
393806,male,control,25.1,normal,2.399479,505.17334,10.803301
393807,male,control,25.4,normal,2.660938,410.1162,13.619196
394136,female,control,19.9,normal,2.833333,558.46857,20.753637
394137,female,control,18.6,normal,2.051563,548.6132,18.967503
394138,female,control,20.1,normal,2.833333,410.0103,16.477024
394139,female,control,19.9,normal,2.532292,516.4202,15.120714
394140,female,control,20.4,normal,2.650781,514.5111,21.573868
429887,female,control,20.9,normal,2.58375,428.43542,17.27935
453271,male,control,25,normal,2.900625,454.54544,15.718846
453274,female,control,21.3,normal,3.351563,454.82877,19.880623
453815,male,control,24.2,normal,3.522187,530.77515,21.931002
463701,female,control,21.203,normal,3.453125,379.77087,12.765576
465294,male,control,21.1,normal,3.474375,339.78934,10.052997
465298,female,control,20,normal,2.581875,509.5974,15.227375
465746,female,control,20.4,normal,3.169792,437.84613,15.863343
467099,female,control,19,normal,2.0825,557.4913,22.873789
467610,male,control,25.5,normal,3.575,393.21628,15.202564
467614,female,control,20,normal,3.392187,398.93616,14.420567
468701,male,control,24.1,normal,3.25,415.71878,19.2421
544351,male,control,24.4,normal,3.529167,365.95282,10.541588